idx,city,region_idx,name,name_en,property_type,grade,tel,address,rating_hotelscombined,rating_booking,rating_tripadvisor,rating_naver,website,detail_url
1,경남,1,호텔 리베라 거제,Hotel Riviera Geoje,호텔,3성급,055-730-5000,일운면 거제대로 2190,7.9,7.6,3.3,4.1,http://www.hotelriviera.co.kr/geoje/,https://hotels.naver.com/KR1000243/hotels/N1714813?adultCnt=2&pageIndex=1&propertyTypes=0&dCheckIn=2025-08-23&dCheckOut=2025-08-24&dAdultCnt=2&dChildAges=
2,경남,2,라마다 스위츠 거제,Ramada Suites Geoje,호텔,3급,055-682-7000,일운면 거제대로 2631,8.4,,3.1,4.4,http://www.ramadasuitegeoje.com/,https://hotels.naver.com/KR1000243/hotels/N4520845?adultCnt=2&pageIndex=1&propertyTypes=0&dCheckIn=2025-08-23&dCheckOut=2025-08-24&dAdultCnt=2&dChildAges=
3,경남,3,브라운도트 통영 항남점,Tongyeong Brown Dot South Tongyeong Port Branch,호텔,3급,055-645-8533,동충4길 53,8.3,,,,http://tongyeongbrowndot.jalib.site/,https://hotels.naver.com/KR1000243/hotels/N4604832?adultCnt=2&pageIndex=1&propertyTypes=0&dCheckIn=2025-08-23&dCheckOut=2025-08-24&dAdultCnt=2&dChildAges=
4,경남,4,크라운호텔 창원,Crown Hotel Changwon,호텔,3성급,055-237-1001,창원대로363번길 22-5,8.6,8.5,4.2,,http://crownhotel.kr/,https://hotels.naver.com/KR1000243/hotels/N2917514?adultCnt=2&pageIndex=1&propertyTypes=0&dCheckIn=2025-08-23&dCheckOut=2025-08-24&dAdultCnt=2&dChildAges=
5,경남,5,라온스테이 호텔,Raonstay in Perla Hotel,호텔,3급,055-761-1000,영천강로 164,8.2,6.8,3.9,4.3,,https://hotels.naver.com/KR1000243/hotels/N3566041?adultCnt=2&pageIndex=1&propertyTypes=0&dCheckIn=2025-08-23&dCheckOut=2025-08-24&dAdultCnt=2&dChildAges=
6,경남,6,브라운도트 호텔 거제옥포점,Geoje Okpo Brown Dot,호텔,3급,055-688-0181,옥포로 170-10,9,,,,http://www.makeus.net/31271,https://hotels.naver.com/KR1000243/hotels/N3123970?adultCnt=2&pageIndex=1&propertyTypes=0&dCheckIn=2025-08-23&dCheckOut=2025-08-24&dAdultCnt=2&dChildAges=
7,경남,7,퍼스트클래스 호텔,Masan First Class Hotel,호텔,2급,057-1371-7821,동서동1길 2,7.9,7.2,,,,https://hotels.naver.com/KR1000243/hotels/N5300193?adultCnt=2&pageIndex=1&propertyTypes=0&dCheckIn=2025-08-23&dCheckOut=2025-08-24&dAdultCnt=2&dChildAges=
8,경남,8,그레이호텔,Tongyeong Boutique Hotel Gray,호텔,3급,,동충1길 12-2,10,,,,,https://hotels.naver.com/KR1000243/hotels/N4734934?adultCnt=2&pageIndex=1&propertyTypes=0&dCheckIn=2025-08-23&dCheckOut=2025-08-24&dAdultCnt=2&dChildAges=
9,경남,9,토모노야시그니처료칸남해,Tomonoya Signature Ryokan Namhae,호텔,3급,,창선면 서부로 1503-28,6.7,7,,,https://www.tomonoyanh.co.kr/,https://hotels.naver.com/KR1000243/hotels/N5279976?adultCnt=2&pageIndex=1&propertyTypes=0&dCheckIn=2025-08-23&dCheckOut=2025-08-24&dAdultCnt=2&dChildAges=
10,경남,10,소노캄 거제,Sono Calm Geoje,호텔,5급,1588-4888,일운면 거제대로 2660,8.9,8.4,4.3,4.5,https://www.sonohotelsresorts.com/calm_gj,https://hotels.naver.com/KR1000243/hotels/N2015685?adultCnt=2&pageIndex=1&propertyTypes=0&dCheckIn=2025-08-23&dCheckOut=2025-08-24&dAdultCnt=2&dChildAges=
11,경남,11,호텔 어반아일랜드,Namhae Hotel Urban Island,호텔,2급,055-867-6924,창선면 서부로 1503-22,8.8,,,4.6,,https://hotels.naver.com/KR1000243/hotels/N3030428?adultCnt=2&pageIndex=1&propertyTypes=0&dCheckIn=2025-08-23&dCheckOut=2025-08-24&dAdultCnt=2&dChildAges=
12,경남,12,사천 호텔 카카오,Sacheon Hotel Kakao,호텔,1급,,경상남도 사천시 목섬길 45,9.4,,,,,https://hotels.naver.com/KR1000243/hotels/KYK8967716?adultCnt=2&pageIndex=1&propertyTypes=0&dCheckIn=2025-08-23&dCheckOut=2025-08-24&dAdultCnt=2&dChildAges=
13,경남,13,메종드거제,Maison de Geoje,호텔,3급,055-682-2950,능포로 114,8.9,8.3,4,,http://maison-geoje.co.kr/,https://hotels.naver.com/KR1000243/hotels/N3925782?adultCnt=2&pageIndex=1&propertyTypes=0&dCheckIn=2025-08-23&dCheckOut=2025-08-24&dAdultCnt=2&dChildAges=
14,경남,14,베니키아 양산 호텔,Benikea Yangsan Hotel,호텔,3성급,055-384-0093,동면 금오10길 51,8.4,7.5,4.2,,http://www.benikeayangsan.com/,https://hotels.naver.com/KR1000243/hotels/N3579739?adultCnt=2&pageIndex=1&propertyTypes=0&dCheckIn=2025-08-23&dCheckOut=2025-08-24&dAdultCnt=2&dChildAges=
15,경남,15,브릿지호텔,Tongyeong Bridge Hotel,호텔,2성급,,용남면 남해안대로 18,8.3,8.6,,4.2,https://blog.naver.com/thtlfkd1,https://hotels.naver.com/KR1000243/hotels/N4874079?adultCnt=2&pageIndex=2&propertyTypes=0&dCheckIn=2025-08-23&dCheckOut=2025-08-24&dAdultCnt=2&dChildAges=
16,경남,16,통영 베이 호텔&리조트,Tongyeong Bay Condo Hotel,호텔,3급,055-649-4880,도남로 257-93,7.4,6.9,3,,https://bayresort-mo4.imweb.me/,https://hotels.naver.com/KR1000243/hotels/N3020812?adultCnt=2&pageIndex=2&propertyTypes=0&dCheckIn=2025-08-23&dCheckOut=2025-08-24&dAdultCnt=2&dChildAges=
17,경남,17,남해비치호텔,Namhae Beach Hotel,호텔,3급,055-862-8880,남면 남서대로 575-13,6.8,7.3,3.8,,http://bichihotelpension.com/,https://hotels.naver.com/KR1000243/hotels/N3030457?adultCnt=2&pageIndex=2&propertyTypes=0&dCheckIn=2025-08-23&dCheckOut=2025-08-24&dAdultCnt=2&dChildAges=
18,경남,18,부곡 로얄관광호텔,Bugok Royal Tourist Hotel,호텔,3급,055-536-7300,경상남도 창녕군 부곡면 온천중앙로 3,,,,,http://www.bugokroyalhotel.com/,https://hotels.naver.com/KR1000243/hotels/KYK1072838083?adultCnt=2&pageIndex=2&propertyTypes=0&dCheckIn=2025-08-23&dCheckOut=2025-08-24&dAdultCnt=2&dChildAges=
19,경남,19,충신당 동계고택,Geochang Choongsindang Donggae Jeongon Gotek,호텔,2급,,위천면 강동1길 13,7.1,,5,,http://www.jungon.co.kr/jungon/html/,https://hotels.naver.com/KR1000243/hotels/N3020732?adultCnt=2&pageIndex=2&propertyTypes=0&dCheckIn=2025-08-23&dCheckOut=2025-08-24&dAdultCnt=2&dChildAges=
20,경남,20,호텔 상상,Hotel Sang Sang,호텔,2성급,055-682-5252,일운면 거제대로 2752,9,8.8,3.9,4.7,http://hotelsangsang.com/,https://hotels.naver.com/KR1000243/hotels/N1714806?adultCnt=2&pageIndex=2&propertyTypes=0&dCheckIn=2025-08-23&dCheckOut=2025-08-24&dAdultCnt=2&dChildAges=
21,경남,21,토요코인 창원,Toyoko Inn Changwon,호텔,3성급,055-282-1045,중앙대로 93,8.6,8.4,,4.7,http://www.toyoko-inn.co.kr/,https://hotels.naver.com/KR1000243/hotels/N5287523?adultCnt=2&pageIndex=2&propertyTypes=0&dCheckIn=2025-08-23&dCheckOut=2025-08-24&dAdultCnt=2&dChildAges=
22,경남,22,아난티 남해,Ananti at Namhae,호텔,3급,,남면 남서대로1179번길 40-109,7.7,8.2,,,https://ananti.kr/ko/namhae,https://hotels.naver.com/KR1000243/hotels/KYK1071111309?adultCnt=2&pageIndex=2&propertyTypes=0&dCheckIn=2025-08-23&dCheckOut=2025-08-24&dAdultCnt=2&dChildAges=
23,경남,23,스터번호텔,Stubborn Hotel,호텔,3급,055-636-9114,동부면 학동7길 2,8.7,8.1,3.9,4.3,http://stubbornhotel.co.kr/,https://hotels.naver.com/KR1000243/hotels/N2915197?adultCnt=2&pageIndex=2&propertyTypes=0&dCheckIn=2025-08-23&dCheckOut=2025-08-24&dAdultCnt=2&dChildAges=
24,경남,24,진주 골든튤립호텔 남강,Golden Tulip Essential Namgang,호텔,3급,055-760-9600,남강로673번길 16,8.4,7.6,,4.4,http://hotelnamgang.com/,https://hotels.naver.com/KR1000243/hotels/N4856912?adultCnt=2&pageIndex=2&propertyTypes=0&dCheckIn=2025-08-23&dCheckOut=2025-08-24&dAdultCnt=2&dChildAges=
25,경남,25,그랜드 머큐어 앰배서더 창원 (구 풀만),Grand Mercure Ambassador Changwon,호텔,4성급,055-600-0700,원이대로 332,7.6,7.5,3.5,4.0,https://www.ambatel.com/grandmercure/changwon/ko/main.do,https://hotels.naver.com/KR1000243/hotels/N1496565?adultCnt=2&pageIndex=2&propertyTypes=0&dCheckIn=2025-08-23&dCheckOut=2025-08-24&dAdultCnt=2&dChildAges=
26,경남,26,스카이뷰 관광호텔,Sky View Hotel,호텔,3성급,055-248-5200,해안대로 317,9,8.8,4.8,4.8,http://www.skyviewhotel.kr/,https://hotels.naver.com/KR1000243/hotels/N2367454?adultCnt=2&pageIndex=2&propertyTypes=0&dCheckIn=2025-08-23&dCheckOut=2025-08-24&dAdultCnt=2&dChildAges=
27,경남,27,통영 엔쵸비 관광호텔,Tongyeong Anchovy Tourist Hotel,호텔,2성급,055-642-6000,동호로 56,8.4,,4,,http://www.anchovyhotel.com/,https://hotels.naver.com/KR1000243/hotels/N2225853?adultCnt=2&pageIndex=2&propertyTypes=0&dCheckIn=2025-08-23&dCheckOut=2025-08-24&dAdultCnt=2&dChildAges=
28,경남,28,파인 그로브 호텔,Pinegrove Hotel,호텔,3성급,055-310-1100,번화1로67번길 20,8.6,8.5,,4.4,http://pinegrovehotel.co.kr/,https://hotels.naver.com/KR1000243/hotels/N2680496?adultCnt=2&pageIndex=2&propertyTypes=0&dCheckIn=2025-08-23&dCheckOut=2025-08-24&dAdultCnt=2&dChildAges=
29,경남,29,브라운도트 삼천포항점,Browndot Samcheonpo,호텔,3급,,수남길33,8.4,,,,http://browndot-samcheonpo.jalib.site/,https://hotels.naver.com/KR1000243/hotels/KYK1070681473?adultCnt=2&pageIndex=3&propertyTypes=0&dCheckIn=2025-08-23&dCheckOut=2025-08-24&dAdultCnt=2&dChildAges=
30,경남,30,그랜드시티호텔 창원,Grand City Hotel Changwon,호텔,3급,055-262-9090,중앙대로 78,8.7,8.1,4.9,4.6,http://www.grandcityhotel.co.kr/,https://hotels.naver.com/KR1000243/hotels/N5281680?adultCnt=2&pageIndex=3&propertyTypes=0&dCheckIn=2025-08-23&dCheckOut=2025-08-24&dAdultCnt=2&dChildAges=
31,경남,31,통영 호텔피코,Hotel Pico,호텔,2급,,항남4길 19,8.9,7.8,,4.3,,https://hotels.naver.com/KR1000243/hotels/N5272600?adultCnt=2&pageIndex=3&propertyTypes=0&dCheckIn=2025-08-23&dCheckOut=2025-08-24&dAdultCnt=2&dChildAges=
32,경남,32,브라운도트 호텔 양산석산점,Yangsan Browndot Hotel Seoksan,호텔,3급,,동면 금오10길 43-15,8.5,,,,,https://hotels.naver.com/KR1000243/hotels/KYK1070647436?adultCnt=2&pageIndex=3&propertyTypes=0&dCheckIn=2025-08-23&dCheckOut=2025-08-24&dAdultCnt=2&dChildAges=
33,경남,33,골든 비즈니스 호텔,Golden Business Hotel,호텔,3급,055-756-0034,에나로 101,8.4,8.2,3,,,https://hotels.naver.com/KR1000243/hotels/N3025140?adultCnt=2&pageIndex=3&propertyTypes=0&dCheckIn=2025-08-23&dCheckOut=2025-08-24&dAdultCnt=2&dChildAges=
34,경남,34,에비뉴 호텔 창원,Hotel Avenue,호텔,3성급,055-263-7200,용지로169번길 5,9,8.6,4.1,4.4,,https://hotels.naver.com/KR1000243/hotels/N1716023?adultCnt=2&pageIndex=3&propertyTypes=0&dCheckIn=2025-08-23&dCheckOut=2025-08-24&dAdultCnt=2&dChildAges=
35,경남,35,한산 호텔,Hansan Hotel,호텔,3급,055-642-3384,통영해안로 247,8,,4.1,4.2,http://www.hotelhansan.com/,https://hotels.naver.com/KR1000243/hotels/N2749603?adultCnt=2&pageIndex=3&propertyTypes=0&dCheckIn=2025-08-23&dCheckOut=2025-08-24&dAdultCnt=2&dChildAges=
36,경남,36,라피스 호텔,Lapis Hotel Namhae,호텔,3성급,055-867-1111,창선면 서부로 1503-16,7.3,7.2,4,,http://www.lapishotel.co.kr/,https://hotels.naver.com/KR1000243/hotels/N2922847?adultCnt=2&pageIndex=3&propertyTypes=0&dCheckIn=2025-08-23&dCheckOut=2025-08-24&dAdultCnt=2&dChildAges=
37,경남,37,더 포라 스위츠 호텔,Hotel The Pora Suitz,호텔,5급,,거제대로 2631,,,,,http://thepora.com/,https://hotels.naver.com/KR1000243/hotels/KYK10332897?adultCnt=2&pageIndex=3&propertyTypes=0&dCheckIn=2025-08-23&dCheckOut=2025-08-24&dAdultCnt=2&dChildAges=
38,경남,38,동방관광호텔,Hotel Dongbang,호텔,3성급,055-743-0131,논개길 103,7.9,7,3.6,3.3,http://www.hoteldongbang.com/,https://hotels.naver.com/KR1000243/hotels/N1861941?adultCnt=2&pageIndex=3&propertyTypes=0&dCheckIn=2025-08-23&dCheckOut=2025-08-24&dAdultCnt=2&dChildAges=
39,경남,39,브라운도트 호텔 진주충무공점,Brown Dot Hotel Jinju,호텔,3급,055-924-1010,"에나로 103-9, 6층",8.7,8.4,,4.0,,https://hotels.naver.com/KR1000243/hotels/N4995691?adultCnt=2&pageIndex=3&propertyTypes=0&dCheckIn=2025-08-23&dCheckOut=2025-08-24&dAdultCnt=2&dChildAges=
40,경남,40,마산관광호텔,Masan Tourist Hotel,호텔,2성급,055-245-0070,수산1길 285,9.2,,,4.6,,https://hotels.naver.com/KR1000243/hotels/N3772631?adultCnt=2&pageIndex=3&propertyTypes=0&dCheckIn=2025-08-23&dCheckOut=2025-08-24&dAdultCnt=2&dChildAges=
41,경남,41,뉴그랜드호텔,New Grand Hotel,호텔,3급,055-756-7777,에나로 97,8.5,,3,,http://www.newgrandhotel.co.kr/,https://hotels.naver.com/KR1000243/hotels/N3887378?adultCnt=2&pageIndex=3&propertyTypes=0&dCheckIn=2025-08-23&dCheckOut=2025-08-24&dAdultCnt=2&dChildAges=
42,경남,42,쏠비치 남해,Sol Beach Namhae,호텔,5급,1588 4888,미조면 미송로303번길 115,,,,,https://www.sonohotelsresorts.com/solbeach_nh,https://hotels.naver.com/KR1000243/hotels/KYK1072601994?adultCnt=2&pageIndex=3&propertyTypes=0&dCheckIn=2025-08-23&dCheckOut=2025-08-24&dAdultCnt=2&dChildAges=
43,경남,43,레지던스 호텔 케이,Residence Hotel K Okpo,호텔,3급,055-688-6644,옥포로 161,9.1,9.4,4.8,,http://hotelk.homefourest.co.kr/,https://hotels.naver.com/KR1000243/hotels/N4012702?adultCnt=2&pageIndex=4&propertyTypes=0&dCheckIn=2025-08-23&dCheckOut=2025-08-24&dAdultCnt=2&dChildAges=
44,경남,44,김해 호텔그라나다,Gimhae Hotel Granada,호텔,4급,,경남 김해시 김해대로2529번길 72-8,9.3,,,,,https://hotels.naver.com/KR1000243/hotels/KYK1070530061?adultCnt=2&pageIndex=4&propertyTypes=0&dCheckIn=2025-08-23&dCheckOut=2025-08-24&dAdultCnt=2&dChildAges=
45,경남,45,하운드호텔 장승포점,Hound Hotel Geoje Jangseungpo,호텔,1급,,능포로 52,9,,,,,https://hotels.naver.com/KR1000243/hotels/KYK10389801?adultCnt=2&pageIndex=4&propertyTypes=0&dCheckIn=2025-08-23&dCheckOut=2025-08-24&dAdultCnt=2&dChildAges=
46,경남,46,레인보우관광호텔,Hotel Rainbow,호텔,1성급,055-521-5777,부곡면 온천중앙로 33,8,,,,,https://hotels.naver.com/KR1000243/hotels/N5279285?adultCnt=2&pageIndex=4&propertyTypes=0&dCheckIn=2025-08-23&dCheckOut=2025-08-24&dAdultCnt=2&dChildAges=
47,경남,47,브라운도트 호텔 장유점,Hotel Brown Dot Waterpark,호텔,3급,055-312-8666,번화1로67번길 8,9,,,,http://browndothotel.webmarble.kr/,https://hotels.naver.com/KR1000243/hotels/N4874051?adultCnt=2&pageIndex=4&propertyTypes=0&dCheckIn=2025-08-23&dCheckOut=2025-08-24&dAdultCnt=2&dChildAges=
48,경남,48,양산 석산 하루 호텔,Yangsan Seoksan Haru Hotel,호텔,3급,0507-1447-6162,동면 금오14길 21,5.8,,,,,https://hotels.naver.com/KR1000243/hotels/KYK1070528878?adultCnt=2&pageIndex=4&propertyTypes=0&dCheckIn=2025-08-23&dCheckOut=2025-08-24&dAdultCnt=2&dChildAges=
49,경남,49,호텔 인터내셔널,Hotel International Changwon,호텔,4성급,055-281-1001,중앙대로 69,7.9,7.6,3.3,,https://www.hotelinternational.co.kr/,https://hotels.naver.com/KR1000243/hotels/N1657858?adultCnt=2&pageIndex=4&propertyTypes=0&dCheckIn=2025-08-23&dCheckOut=2025-08-24&dAdultCnt=2&dChildAges=
50,경남,50,진주 카이 호텔,Jinju Kai Hotel,호텔,2성급,055-756-9200,정촌면 화개천로 132-14,9,8.3,2.5,4.3,http://jinjukai.co.kr/,https://hotels.naver.com/KR1000243/hotels/N3020342?adultCnt=2&pageIndex=4&propertyTypes=0&dCheckIn=2025-08-23&dCheckOut=2025-08-24&dAdultCnt=2&dChildAges=
51,경남,51,다온 호텔,Daon Hotel,호텔,3급,,대한민국 경상남도 양산,,,,,,https://hotels.naver.com/KR1000243/hotels/KYK8767016?adultCnt=2&pageIndex=4&propertyTypes=0&dCheckIn=2025-08-23&dCheckOut=2025-08-24&dAdultCnt=2&dChildAges=
52,경남,52,리인스테이,Geoje Leein Stay Hotel,호텔,3급,,아주1로4길 11,8.4,6.3,5,,http://www.leeinstay.com/,https://hotels.naver.com/KR1000243/hotels/N4734959?adultCnt=2&pageIndex=4&propertyTypes=0&dCheckIn=2025-08-23&dCheckOut=2025-08-24&dAdultCnt=2&dChildAges=
53,경남,53,에스모텔,Yangsan Seoksan Denbasta Hotel,호텔,3급,,금오1 0길 43-23,9.6,,,,,https://hotels.naver.com/KR1000243/hotels/N5281033?adultCnt=2&pageIndex=4&propertyTypes=0&dCheckIn=2025-08-23&dCheckOut=2025-08-24&dAdultCnt=2&dChildAges=
54,경남,54,프래밀리 호텔,Friemily Pool Villa & Hotel,호텔,2성급,055-682-6006,거제대로 2308,9.2,8.5,4,4.5,http://www.friemilyhotel.com/,https://hotels.naver.com/KR1000243/hotels/N2980804?adultCnt=2&pageIndex=4&propertyTypes=0&dCheckIn=2025-08-23&dCheckOut=2025-08-24&dAdultCnt=2&dChildAges=
55,경남,55,타임 호텔,Time Hotel,호텔,2급,055-388-9080,물금읍 버들1길 4-9,8.4,8.3,5,,https://ystimehotel.qshop.ai/,https://hotels.naver.com/KR1000243/hotels/N2858982?adultCnt=2&pageIndex=4&propertyTypes=0&dCheckIn=2025-08-23&dCheckOut=2025-08-24&dAdultCnt=2&dChildAges=
56,경남,56,이제 남해,Ije Namhae,호텔,3급,,삼동면 양화금로 59-7,8,8.9,,4.6,http://www.ije.co.kr/namhae/,https://hotels.naver.com/KR1000243/hotels/KYK8830934?adultCnt=2&pageIndex=4&propertyTypes=0&dCheckIn=2025-08-23&dCheckOut=2025-08-24&dAdultCnt=2&dChildAges=
57,경남,57,베스트 루이스 해밀턴 호텔,Best Louis Hamilton Hotel Changwon,호텔,3성급,055-261-2525,마디미로70번길 10,8.6,8.7,4.8,,http://www.bestlouishamiltonchangwon.co.kr/,https://hotels.naver.com/KR1000243/hotels/N3433683?adultCnt=2&pageIndex=5&propertyTypes=0&dCheckIn=2025-08-23&dCheckOut=2025-08-24&dAdultCnt=2&dChildAges=
58,경남,58,데라무르 호텔,Delamour Hotel,호텔,3급,,통영해안로 299,,,,,,https://hotels.naver.com/KR1000243/hotels/KYK10066881?adultCnt=2&pageIndex=5&propertyTypes=0&dCheckIn=2025-08-23&dCheckOut=2025-08-24&dAdultCnt=2&dChildAges=
59,경남,59,더 퍼스트 호텔,The First Hotel,호텔,3급,055-281-5882,"중앙대로39번길 6, 5-6층",8.6,8.4,4,,,https://hotels.naver.com/KR1000243/hotels/N3670281?adultCnt=2&pageIndex=5&propertyTypes=0&dCheckIn=2025-08-23&dCheckOut=2025-08-24&dAdultCnt=2&dChildAges=
60,경남,60,사천 더원 호텔,Sacheon Hotel The One,호텔,2급,,수남길 25-7,9.4,,,4.7,,https://hotels.naver.com/KR1000243/hotels/KYK1070681467?adultCnt=2&pageIndex=5&propertyTypes=0&dCheckIn=2025-08-23&dCheckOut=2025-08-24&dAdultCnt=2&dChildAges=
61,경남,61,뉴라온스테이 호텔,New Raon Stay,호텔,2급,055-751-1111,영천강로 166,8.5,8.1,,4.0,https://www.newraonhotel.com/,https://hotels.naver.com/KR1000243/hotels/N4942843?adultCnt=2&pageIndex=5&propertyTypes=0&dCheckIn=2025-08-23&dCheckOut=2025-08-24&dAdultCnt=2&dChildAges=
62,경남,62,거제오션 호텔,Geoje Ocean Hotel,호텔,3급,055-730-9600,옥포로2길 13,8.3,8.1,3.8,,http://geojeoceanhotel.com/,https://hotels.naver.com/KR1000243/hotels/N3111394?adultCnt=2&pageIndex=5&propertyTypes=0&dCheckIn=2025-08-23&dCheckOut=2025-08-24&dAdultCnt=2&dChildAges=
63,경남,63,통영거북선호텔,Geobukseon Hotel,호텔,2성급,055-646-0710,미수해안로 72,8.1,,4.1,,http://www.geobukseonhotel.com/,https://hotels.naver.com/KR1000243/hotels/N3772561?adultCnt=2&pageIndex=5&propertyTypes=0&dCheckIn=2025-08-23&dCheckOut=2025-08-24&dAdultCnt=2&dChildAges=
64,경남,64,호텔올거제,Hotel All Geoje,호텔,2급,055-736-3666,일운면 거제대로 2631,8.8,,,,http://www.ramadasuitegeoje.com/,https://hotels.naver.com/KR1000243/hotels/N5303525?adultCnt=2&pageIndex=5&propertyTypes=0&dCheckIn=2025-08-23&dCheckOut=2025-08-24&dAdultCnt=2&dChildAges=
65,경남,65,브라운 도트 호텔,Brown Dot Hotel,호텔,3급,055-322-0777,김해대로2541번길 70,8,,3.7,,,https://hotels.naver.com/KR1000243/hotels/N2225010?adultCnt=2&pageIndex=5&propertyTypes=0&dCheckIn=2025-08-23&dCheckOut=2025-08-24&dAdultCnt=2&dChildAges=
66,경남,66,양산 더 테라조 호텔,Yangsan The Terrazzo Hotel,호텔,2급,,경상남도 양산시 물금읍 가촌본리2길 26,9.7,,,,,https://hotels.naver.com/KR1000243/hotels/KYK7234379?adultCnt=2&pageIndex=5&propertyTypes=0&dCheckIn=2025-08-23&dCheckOut=2025-08-24&dAdultCnt=2&dChildAges=
67,경남,67,호텔데이지,Masan Daisy Hotel,호텔,3급,055-294-9791,양덕옛3길 37,10,9.2,,,,https://hotels.naver.com/KR1000243/hotels/N5305130?adultCnt=2&pageIndex=5&propertyTypes=0&dCheckIn=2025-08-23&dCheckOut=2025-08-24&dAdultCnt=2&dChildAges=
68,경남,68,호텔 스테이온,Hotel Stay:on,호텔,3성급,055-922-1700,장평1로9길 21-4,8.1,8.4,5,,http://www.hotelstayon.co.kr/,https://hotels.naver.com/KR1000243/hotels/N3610238?adultCnt=2&pageIndex=5&propertyTypes=0&dCheckIn=2025-08-23&dCheckOut=2025-08-24&dAdultCnt=2&dChildAges=
69,경남,69,리자인호텔,Lesign Hotel,호텔,2급,,양산역8길 7,8,7,,,,https://hotels.naver.com/KR1000243/hotels/KYK7234376?adultCnt=2&pageIndex=5&propertyTypes=0&dCheckIn=2025-08-23&dCheckOut=2025-08-24&dAdultCnt=2&dChildAges=
70,경남,70,오션스파호텔,Ocean Spa Hotel,호텔,1성급,,고성읍 신월로 60,8.2,,4.2,,,https://hotels.naver.com/KR1000243/hotels/N5258966?adultCnt=2&pageIndex=5&propertyTypes=0&dCheckIn=2025-08-23&dCheckOut=2025-08-24&dAdultCnt=2&dChildAges=
71,경남,71,제이에스 레지던스 호텔,Js Residence Hotel Okpo,호텔,3급,,옥포로4길 20,9.2,8.9,,,http://jsresidence.homefourest.co.kr/,https://hotels.naver.com/KR1000243/hotels/N5278624?adultCnt=2&pageIndex=6&propertyTypes=0&dCheckIn=2025-08-23&dCheckOut=2025-08-24&dAdultCnt=2&dChildAges=
72,경남,72,밀양 밀양 관광호텔,Miryang Tourist Hotel,호텔,2급,,경상남도 밀양시 가곡7길 5-1(가곡동),7.5,,,,,https://hotels.naver.com/KR1000243/hotels/KYK3086686?adultCnt=2&pageIndex=6&propertyTypes=0&dCheckIn=2025-08-23&dCheckOut=2025-08-24&dAdultCnt=2&dChildAges=
73,경남,73,잼101 호텔,Zam101 Hotel Gimhae,호텔,3급,,경상남도 김해시 율하숲길 17,8.6,9.4,,,,https://hotels.naver.com/KR1000243/hotels/KYK7527300?adultCnt=2&pageIndex=6&propertyTypes=0&dCheckIn=2025-08-23&dCheckOut=2025-08-24&dAdultCnt=2&dChildAges=
74,경남,74,덴바스타 호텔,Yangsan Pyeongsan Den Bastar Hotel,호텔,3급,,평산남로15,7.5,,,,,https://hotels.naver.com/KR1000243/hotels/KYK7234377?adultCnt=2&pageIndex=6&propertyTypes=0&dCheckIn=2025-08-23&dCheckOut=2025-08-24&dAdultCnt=2&dChildAges=
75,경남,75,제니스 호텔,The Zenith Hotel,호텔,3급,055-337-6500,번화1로56번길 28,,,,,http://www.thezenith-hotel.com/,https://hotels.naver.com/KR1000243/hotels/N3025383?adultCnt=2&pageIndex=6&propertyTypes=0&dCheckIn=2025-08-23&dCheckOut=2025-08-24&dAdultCnt=2&dChildAges=
76,경남,76,인스타 양산 호텔,Instar Yangsan Hotel,호텔,2급,055-367-7217,북안남7길 8,7.9,,,,,https://hotels.naver.com/KR1000243/hotels/N2015660?adultCnt=2&pageIndex=6&propertyTypes=0&dCheckIn=2025-08-23&dCheckOut=2025-08-24&dAdultCnt=2&dChildAges=
77,경남,77,뉴요커호텔,No.1 New Yorker Hotel,호텔,2급,0508-5025-3151,비봉로50번길 11-1,8.5,8.1,4,,,https://hotels.naver.com/KR1000243/hotels/N3565310?adultCnt=2&pageIndex=6&propertyTypes=0&dCheckIn=2025-08-23&dCheckOut=2025-08-24&dAdultCnt=2&dChildAges=
78,경남,78,밀양 호텔 레이크,Miryang Hotel Lake,호텔,2급,,경상남도 밀양시 삼랑진읍 안태리 638-6,9.1,,,,,https://hotels.naver.com/KR1000243/hotels/KYK7450802?adultCnt=2&pageIndex=6&propertyTypes=0&dCheckIn=2025-08-23&dCheckOut=2025-08-24&dAdultCnt=2&dChildAges=
79,경남,79,장유아몬드키즈호텔,Jangyu Almond Kids Hotel,호텔,2성급,,번화1로67번길 16,9.9,8.8,,,,https://hotels.naver.com/KR1000243/hotels/N4874094?adultCnt=2&pageIndex=6&propertyTypes=0&dCheckIn=2025-08-23&dCheckOut=2025-08-24&dAdultCnt=2&dChildAges=
80,경남,80,호텔 홈포레스트,Hotel Homefourest,호텔,3급,055-681-9700,장승로 145,8,,4.4,,,https://hotels.naver.com/KR1000243/hotels/N1743630?adultCnt=2&pageIndex=6&propertyTypes=0&dCheckIn=2025-08-23&dCheckOut=2025-08-24&dAdultCnt=2&dChildAges=
81,경남,81,브라운도트호텔 김해시청점,Browndot hotel Gimhae cityhall,호텔,3급,0507-1488-0295,가락로30번길 16,8,,,,https://xn--4k0bq8hupd8xivtll5pgjc47htzb.com/,https://hotels.naver.com/KR1000243/hotels/KYK10360775?adultCnt=2&pageIndex=6&propertyTypes=0&dCheckIn=2025-08-23&dCheckOut=2025-08-24&dAdultCnt=2&dChildAges=
82,경남,82,거제오아시스호텔,Geoje Oasis Hotel,호텔,2급,055-636-8900,장평4로2길 11-9,8.7,8.5,3.5,,http://www.geojeoasis.co.kr/,https://hotels.naver.com/KR1000243/hotels/N3567840?adultCnt=2&pageIndex=6&propertyTypes=0&dCheckIn=2025-08-23&dCheckOut=2025-08-24&dAdultCnt=2&dChildAges=
83,경남,83,사천 섬 호텔,Sacheon Island Hotel,호텔,3급,,경상남도 사천시 실안선창1길 50,8.7,,,,,https://hotels.naver.com/KR1000243/hotels/KYK7233726?adultCnt=2&pageIndex=6&propertyTypes=0&dCheckIn=2025-08-23&dCheckOut=2025-08-24&dAdultCnt=2&dChildAges=
84,경남,84,진우 프레스티지 호텔,Geojedo Okpo Jinwoo Prestige Hotel,호텔,3급,055-636-3080,옥포대첩로6길 3,8.5,,4.5,,,https://hotels.naver.com/KR1000243/hotels/N2915255?adultCnt=2&pageIndex=6&propertyTypes=0&dCheckIn=2025-08-23&dCheckOut=2025-08-24&dAdultCnt=2&dChildAges=
85,경남,85,스테이 패스포트 홍콩 고성점,Stay Passport Hongkong Goseong,호텔,1급,0507-1425-1807,고성읍 남포로162번길 92,,,,,,https://hotels.naver.com/KR1000243/hotels/KYK1071886785?adultCnt=2&pageIndex=7&propertyTypes=0&dCheckIn=2025-08-23&dCheckOut=2025-08-24&dAdultCnt=2&dChildAges=
86,경남,86,하버호텔,Tongyeong Hotel Harbor,호텔,3급,0507-1482-8980,동충4길 10,9.3,,,,,https://hotels.naver.com/KR1000243/hotels/N5305153?adultCnt=2&pageIndex=7&propertyTypes=0&dCheckIn=2025-08-23&dCheckOut=2025-08-24&dAdultCnt=2&dChildAges=
87,경남,87,통영 하운드 호텔 통영항남,Hound Hotel Tongyeong Hangnam branch,호텔,2급,055-649-3335,경상남도 통영시 통영해안로 239,9,8.2,,,http://houndhotel-tongyeong.com/,https://hotels.naver.com/KR1000243/hotels/N4581608?adultCnt=2&pageIndex=7&propertyTypes=0&dCheckIn=2025-08-23&dCheckOut=2025-08-24&dAdultCnt=2&dChildAges=
88,경남,88,웨이브호텔&펜션,Geojae Wave Hotel and Pension,호텔,3급,,경남 거제시 일운면 거제대로 2032,8.5,,,,http://wavehotel.kr/,https://hotels.naver.com/KR1000243/hotels/KYK8892889?adultCnt=2&pageIndex=7&propertyTypes=0&dCheckIn=2025-08-23&dCheckOut=2025-08-24&dAdultCnt=2&dChildAges=
89,경남,89,여우비호텔,Yeoubi Hotel,호텔,3급,055-243-9999,월영동11길 22,8.5,,,,http://xn--9w3b13l2qar45a32f.com/,https://hotels.naver.com/KR1000243/hotels/N4998981?adultCnt=2&pageIndex=7&propertyTypes=0&dCheckIn=2025-08-23&dCheckOut=2025-08-24&dAdultCnt=2&dChildAges=
90,경남,90,거제도 장승포 호텔 파우제,Geojedo Jangseungpo Hotel Pause,호텔,2급,,경상남도 거제시 능포로16길 8,9.7,,,,,https://hotels.naver.com/KR1000243/hotels/KYK1070528912?adultCnt=2&pageIndex=7&propertyTypes=0&dCheckIn=2025-08-23&dCheckOut=2025-08-24&dAdultCnt=2&dChildAges=
91,경남,91,구름아래바다 펜션,Namhae Sky Under The Cloud Pension,호텔,3급,055-863-5200,남면 남면로 240-8,,,,,http://www.gubaa.co.kr/,https://hotels.naver.com/KR1000243/hotels/N3643669?adultCnt=2&pageIndex=7&propertyTypes=0&dCheckIn=2025-08-23&dCheckOut=2025-08-24&dAdultCnt=2&dChildAges=
92,경남,92,아세라 빌라드 아쿠아 호텔,Asherah Villa d' aqua Hotel,호텔,2급,0507-1425-7898,가락로24번길 15,9.6,,,,,https://hotels.naver.com/KR1000243/hotels/N5303823?adultCnt=2&pageIndex=7&propertyTypes=0&dCheckIn=2025-08-23&dCheckOut=2025-08-24&dAdultCnt=2&dChildAges=
93,경남,93,덴바스타 호텔 마산 어시장점,Denbasta Hotel Masan Eosijangjeom,호텔,5급,0507-1363-8684,경상남도 창원시 마산합포구 수산1길 75,,,,,,https://hotels.naver.com/KR1000243/hotels/KYK9640769?adultCnt=2&pageIndex=7&propertyTypes=0&dCheckIn=2025-08-23&dCheckOut=2025-08-24&dAdultCnt=2&dChildAges=
94,경남,94,사천관광호텔,Sacheon Tourist Hotel,호텔,2급,055-854-9000,사천읍 역사길 12,8.1,8.2,,,http://www.sacheonhotel.com/,https://hotels.naver.com/KR1000243/hotels/N5305274?adultCnt=2&pageIndex=7&propertyTypes=0&dCheckIn=2025-08-23&dCheckOut=2025-08-24&dAdultCnt=2&dChildAges=
95,경남,95,토모노야 호텔 & 료칸 거제,Tomonoya Hotel & Ryokan Geoje,호텔,3급,055-636-3200,동부면 거제중앙로 42,7.7,8.7,,3.9,https://tomonoyahotel.kr/,https://hotels.naver.com/KR1000243/hotels/N4994644?adultCnt=2&pageIndex=7&propertyTypes=0&dCheckIn=2025-08-23&dCheckOut=2025-08-24&dAdultCnt=2&dChildAges=
96,경남,96,양산 뮤직앤비어 게스트하우스,Yangsan Music and Beer Guesthouse,호텔,2급,,경상남도 양산시 동면 금오11길 34-7,,,,,,https://hotels.naver.com/KR1000243/hotels/KYK8933000?adultCnt=2&pageIndex=7&propertyTypes=0&dCheckIn=2025-08-23&dCheckOut=2025-08-24&dAdultCnt=2&dChildAges=
97,경남,97,리버스모텔,Changwon Sangnam-dong Icon Hotel,호텔,3급,055-266-2002,마디미로27번길 11,9.6,,,,,https://hotels.naver.com/KR1000243/hotels/N3659667?adultCnt=2&pageIndex=7&propertyTypes=0&dCheckIn=2025-08-23&dCheckOut=2025-08-24&dAdultCnt=2&dChildAges=
98,경남,98,브라운도트 호텔 오동점,Browndot Hotel Masan Odong,호텔,2급,055-221-1733,수산1길 231,8.6,8.4,,,,https://hotels.naver.com/KR1000243/hotels/N3659382?adultCnt=2&pageIndex=7&propertyTypes=0&dCheckIn=2025-08-23&dCheckOut=2025-08-24&dAdultCnt=2&dChildAges=
99,경남,99,양산 셉템버호텔,Yangsan Mulgeum September Hotel,호텔,1급,,물금읍 범구1길 23,9.1,,,,,https://hotels.naver.com/KR1000243/hotels/KYK1070606557?adultCnt=2&pageIndex=8&propertyTypes=0&dCheckIn=2025-08-23&dCheckOut=2025-08-24&dAdultCnt=2&dChildAges=
100,경남,100,2월호텔 통영죽림점,Hotel February Tongyeong Jukrim,호텔,3급,055-641-6001,광도면 죽림5로 25-28,8.7,8.6,,,,https://hotels.naver.com/KR1000243/hotels/N3659749?adultCnt=2&pageIndex=8&propertyTypes=0&dCheckIn=2025-08-23&dCheckOut=2025-08-24&dAdultCnt=2&dChildAges=
101,경남,101,프라하 부티크 호텔,The Hound Hotel Changwon Terminal,호텔,3급,055-288-1112,창원대로363번길 22-11,8.3,8.1,3.5,,,https://hotels.naver.com/KR1000243/hotels/N2748861?adultCnt=2&pageIndex=8&propertyTypes=0&dCheckIn=2025-08-23&dCheckOut=2025-08-24&dAdultCnt=2&dChildAges=
102,경남,102,호텔 딘,Changwon Dean Hotel,호텔,2급,055-289-6701,용지로169번길 3,5.3,,5,,,https://hotels.naver.com/KR1000243/hotels/N2224778?adultCnt=2&pageIndex=8&propertyTypes=0&dCheckIn=2025-08-23&dCheckOut=2025-08-24&dAdultCnt=2&dChildAges=
103,경남,103,창원 브라운도트 호텔,Changwon Brown-Dot Hotel Myeongseo,호텔,3급,055-277-0991,창이대로85번길 7,8.6,,,,http://wnh.co.kr/,https://hotels.naver.com/KR1000243/hotels/N3049669?adultCnt=2&pageIndex=8&propertyTypes=0&dCheckIn=2025-08-23&dCheckOut=2025-08-24&dAdultCnt=2&dChildAges=
104,경남,104,통영 호텔 조선,Tongyeong Hotel Chosun,호텔,3급,,경상남도 통영시 동충2길 12-4,8.1,,,,,https://hotels.naver.com/KR1000243/hotels/KYK7234069?adultCnt=2&pageIndex=8&propertyTypes=0&dCheckIn=2025-08-23&dCheckOut=2025-08-24&dAdultCnt=2&dChildAges=
105,경남,105,통영갤러리호텔,Tongyeong Gallery Hotel,호텔,2성급,055-645-3773,도남로 257-27,8,,4.3,,http://www.tyhotel.kr/,https://hotels.naver.com/KR1000243/hotels/N2922883?adultCnt=2&pageIndex=8&propertyTypes=0&dCheckIn=2025-08-23&dCheckOut=2025-08-24&dAdultCnt=2&dChildAges=
106,경남,106,사천온천랜드&그랜드관광호텔,Sacheon Grand Hotel,호텔,3급,055-850-1500,용현면 청골길 126,7.9,7.9,3.8,,http://scgrandhotel.co.kr/,https://hotels.naver.com/KR1000243/hotels/N3018528?adultCnt=2&pageIndex=8&propertyTypes=0&dCheckIn=2025-08-23&dCheckOut=2025-08-24&dAdultCnt=2&dChildAges=
107,경남,107,At비지니스호텔,Changwon At Business Hotel,호텔,3급,055-266-3600,용지로 102 개나리상가 5층,8.4,7.1,3.8,,http://athotel.kr/,https://hotels.naver.com/KR1000243/hotels/N2962351?adultCnt=2&pageIndex=8&propertyTypes=0&dCheckIn=2025-08-23&dCheckOut=2025-08-24&dAdultCnt=2&dChildAges=
108,경남,108,김해 다온다 호텔,Gimhae Daonda Hotel,호텔,4급,,경상남도 김해시 내외중앙로 29(외동),,,,,https://m.booking.naver.com/booking/3/bizes/521951?tr=bnm,https://hotels.naver.com/KR1000243/hotels/KYK7833517?adultCnt=2&pageIndex=8&propertyTypes=0&dCheckIn=2025-08-23&dCheckOut=2025-08-24&dAdultCnt=2&dChildAges=
109,경남,109,카리브 콘도,Carib Condo Hotel,호텔,2급,055-644-4070,도남로 257-29,7.3,6.6,,,http://www.caribcondo.com/,https://hotels.naver.com/KR1000243/hotels/N2973434?adultCnt=2&pageIndex=8&propertyTypes=0&dCheckIn=2025-08-23&dCheckOut=2025-08-24&dAdultCnt=2&dChildAges=
110,경남,110,도안 키즈 호텔,Doan Kids Hotel Yangsan,호텔,2급,,하북면 진목로 56,9,,,,https://www.doankidshotel.com/,https://hotels.naver.com/KR1000243/hotels/KYK1070743376?adultCnt=2&pageIndex=8&propertyTypes=0&dCheckIn=2025-08-23&dCheckOut=2025-08-24&dAdultCnt=2&dChildAges=
111,경남,111,중앙동 비즈니스 호텔 휴,Jungangdong Business Hotel Hue,호텔,3급,,경상남도 창원시 성산구 용지로 74,9,,,,,https://hotels.naver.com/KR1000243/hotels/KYK1070528682?adultCnt=2&pageIndex=8&propertyTypes=0&dCheckIn=2025-08-23&dCheckOut=2025-08-24&dAdultCnt=2&dChildAges=
112,경남,112,동백호텔 거제 옥포점,Dongbaek Hotel Okpo,호텔,2급,055-688-5787,옥포대첩로 10,7,7.5,,,,https://hotels.naver.com/KR1000243/hotels/N3027723?adultCnt=2&pageIndex=8&propertyTypes=0&dCheckIn=2025-08-23&dCheckOut=2025-08-24&dAdultCnt=2&dChildAges=
113,경남,113,에이치에비뉴호텔 거제몽돌비치점,H.Avenue,호텔,2급,055-635-7114,동부면 학동6길 60,7.4,7.4,3,,,https://hotels.naver.com/KR1000243/hotels/N1719761?adultCnt=2&pageIndex=9&propertyTypes=0&dCheckIn=2025-08-23&dCheckOut=2025-08-24&dAdultCnt=2&dChildAges=
114,경남,114,거제 동백호텔 고현점,Geoje Dongbeck Hotel Gohyeon,호텔,2급,055-635-0222,서문로 48-1,9.1,,,,https://me2.kr/LjGWK,https://hotels.naver.com/KR1000243/hotels/N5302450?adultCnt=2&pageIndex=9&propertyTypes=0&dCheckIn=2025-08-23&dCheckOut=2025-08-24&dAdultCnt=2&dChildAges=
115,경남,115,통영 유니크 호텔 더 뷰,Tongyeong Unique Hotel The View,호텔,3급,,경상남도 통영시 광도면 죽림5로 73,7.7,,,,http://0556489918.tshome.co.kr/,https://hotels.naver.com/KR1000243/hotels/KYK1070528563?adultCnt=2&pageIndex=9&propertyTypes=0&dCheckIn=2025-08-23&dCheckOut=2025-08-24&dAdultCnt=2&dChildAges=
116,경남,116,German Village Square Pension,,호텔,3급,,대한민국 경상남도 남해,9,,,,,https://hotels.naver.com/KR1000243/hotels/KYK8485482?adultCnt=2&pageIndex=9&propertyTypes=0&dCheckIn=2025-08-23&dCheckOut=2025-08-24&dAdultCnt=2&dChildAges=
117,경남,117,바이브호텔 김해장유점,Gimhae Jangyu Vibe Hotel,호텔,2성급,,번화1로56번길 25,9.1,,,,,https://hotels.naver.com/KR1000243/hotels/KYK7231515?adultCnt=2&pageIndex=9&propertyTypes=0&dCheckIn=2025-08-23&dCheckOut=2025-08-24&dAdultCnt=2&dChildAges=
118,경남,118,창원덴바스타호텔 명서점,Changwon Denbasta Hotel Myeongseo,호텔,3급,,의창구 창이대로103번길 1,9,8.5,,,,https://hotels.naver.com/KR1000243/hotels/KYK1071456909?adultCnt=2&pageIndex=9&propertyTypes=0&dCheckIn=2025-08-23&dCheckOut=2025-08-24&dAdultCnt=2&dChildAges=
119,경남,119,에버미라클호텔,Ever Miracle Hotel,호텔,2급,055-351-0100,산내면 얼음골옛길 358-9,9,,,,https://evermiraclehotel.com/,https://hotels.naver.com/KR1000243/hotels/N5304475?adultCnt=2&pageIndex=9&propertyTypes=0&dCheckIn=2025-08-23&dCheckOut=2025-08-24&dAdultCnt=2&dChildAges=
120,경남,120,브라운도트 호텔 팔용점,Changwon Brown Dot Hotel Palyong,호텔,3급,055-238-6467,사화로 378,7.7,,,,,https://hotels.naver.com/KR1000243/hotels/N4707932?adultCnt=2&pageIndex=9&propertyTypes=0&dCheckIn=2025-08-23&dCheckOut=2025-08-24&dAdultCnt=2&dChildAges=
121,경남,121,공간레지던스호텔,Gonggan Residence Hotel,호텔,2급,055-688-3041,옥포로 148,8.5,8.6,5,,,https://hotels.naver.com/KR1000243/hotels/N3760142?adultCnt=2&pageIndex=9&propertyTypes=0&dCheckIn=2025-08-23&dCheckOut=2025-08-24&dAdultCnt=2&dChildAges=
122,경남,122,사천 넘버25호텔,"No.25 Hotel, Sacheon",호텔,2급,,경상남도 사천시 사천읍 진삼로 1457-12,9.1,,,,https://site.onda.me/118471,https://hotels.naver.com/KR1000243/hotels/KYK8156533?adultCnt=2&pageIndex=9&propertyTypes=0&dCheckIn=2025-08-23&dCheckOut=2025-08-24&dAdultCnt=2&dChildAges=
123,경남,123,호텔피어48,Hotel Pier 48,호텔,3급,,정동3길 48,8.3,,,,,https://hotels.naver.com/KR1000243/hotels/N5258343?adultCnt=2&pageIndex=9&propertyTypes=0&dCheckIn=2025-08-23&dCheckOut=2025-08-24&dAdultCnt=2&dChildAges=
124,경남,124,창원 팔용동 프라하 호텔,Changwon Palyongdong Praha Hotel,호텔,3급,,경상남도 창원시 의창구 창원대로363번길 22-11 (팔용동),,,,,,https://hotels.naver.com/KR1000243/hotels/KYK8599799?adultCnt=2&pageIndex=9&propertyTypes=0&dCheckIn=2025-08-23&dCheckOut=2025-08-24&dAdultCnt=2&dChildAges=
125,경남,125,나폴리호텔,Hotel Napoli,호텔,2급,055-646-0202,통영해안로 355,,,,,,https://hotels.naver.com/KR1000243/hotels/N5280568?adultCnt=2&pageIndex=9&propertyTypes=0&dCheckIn=2025-08-23&dCheckOut=2025-08-24&dAdultCnt=2&dChildAges=
126,경남,126,아몬드호텔,Masan Almond Hotel,호텔,1성급,055-241-1230,월영동11길 19,8.3,7.1,,,http://almond-woryeong.jalib.site/,https://hotels.naver.com/KR1000243/hotels/N3775310?adultCnt=2&pageIndex=9&propertyTypes=0&dCheckIn=2025-08-23&dCheckOut=2025-08-24&dAdultCnt=2&dChildAges=
127,경남,127,거제도 사등 린 뷰티크호텔,Geojedo Sa-deung Lin Beautique Hotel,호텔,2급,,경상남도 거제시 사등면 장좌길 68,,,,,,https://hotels.naver.com/KR1000243/hotels/KYK7446763?adultCnt=2&pageIndex=10&propertyTypes=0&dCheckIn=2025-08-23&dCheckOut=2025-08-24&dAdultCnt=2&dChildAges=
128,경남,128,하동 섬진강 호텔,Hadong Autumn Hotel,호텔,3급,,경상남도 하동군 금성면 산업로 823,5.1,,,,,https://hotels.naver.com/KR1000243/hotels/KYK2325194?adultCnt=2&pageIndex=10&propertyTypes=0&dCheckIn=2025-08-23&dCheckOut=2025-08-24&dAdultCnt=2&dChildAges=
129,경남,129,라온호텔,Changwon Myeongseodong Hotel Laon,호텔,3급,,우곡로217번길 11,7.2,,,,,https://hotels.naver.com/KR1000243/hotels/N5281231?adultCnt=2&pageIndex=10&propertyTypes=0&dCheckIn=2025-08-23&dCheckOut=2025-08-24&dAdultCnt=2&dChildAges=
130,경남,130,베스트모텔,Namhae Best,호텔,2급,,미조면 남해대로 244,,,,,,https://hotels.naver.com/KR1000243/hotels/N5283524?adultCnt=2&pageIndex=10&propertyTypes=0&dCheckIn=2025-08-23&dCheckOut=2025-08-24&dAdultCnt=2&dChildAges=
131,경남,131,호텔701,Hotel 701,호텔,2급,,산호동2길 32,6.7,6.8,,,https://701hotel.com/,https://hotels.naver.com/KR1000243/hotels/KYK8280808?adultCnt=2&pageIndex=10&propertyTypes=0&dCheckIn=2025-08-23&dCheckOut=2025-08-24&dAdultCnt=2&dChildAges=
132,경남,132,홈포스테이,Home For Stay,호텔,3급,,옥포성안로 71,9.3,,,,,https://hotels.naver.com/KR1000243/hotels/N5279114?adultCnt=2&pageIndex=10&propertyTypes=0&dCheckIn=2025-08-23&dCheckOut=2025-08-24&dAdultCnt=2&dChildAges=
133,경남,133,더반 호텔 김해,Gimhae Samgye The Van Hotel,호텔,3급,,삼계로55번길 13,7.7,,,,http://gh-thevan.jalib.site/,https://hotels.naver.com/KR1000243/hotels/KYK1070528923?adultCnt=2&pageIndex=10&propertyTypes=0&dCheckIn=2025-08-23&dCheckOut=2025-08-24&dAdultCnt=2&dChildAges=
134,경남,134,스테이인호텔,Gimhae Jangyu Stayin Hotel,호텔,3급,010-6221-7337,번화1로67번길 14,8.3,6.4,,,,https://hotels.naver.com/KR1000243/hotels/N5287530?adultCnt=2&pageIndex=10&propertyTypes=0&dCheckIn=2025-08-23&dCheckOut=2025-08-24&dAdultCnt=2&dChildAges=
135,경남,135,브라운도트 호텔 양산서창점,Brown Dot Hotel Yangsan Seochang,호텔,1급,055-785-0027,삼호로 197-16,8,7.8,,,,https://hotels.naver.com/KR1000243/hotels/N5281699?adultCnt=2&pageIndex=10&propertyTypes=0&dCheckIn=2025-08-23&dCheckOut=2025-08-24&dAdultCnt=2&dChildAges=
136,경남,136,다온 호텔 김해,Daon Hotel Gimhae Injae,호텔,3급,055-905-0317,인제로170번길 9-9,7.5,,,,,https://hotels.naver.com/KR1000243/hotels/N2225036?adultCnt=2&pageIndex=10&propertyTypes=0&dCheckIn=2025-08-23&dCheckOut=2025-08-24&dAdultCnt=2&dChildAges=
137,경남,137,고성 블루웨일 글램핑,Goseong Bluewhale Glamping,호텔,4급,,경남 고성군 삼산면 두포5길 113-139,7.2,,,,http://gobluewhale.kr/,https://hotels.naver.com/KR1000243/hotels/KYK7833062?adultCnt=2&pageIndex=10&propertyTypes=0&dCheckIn=2025-08-23&dCheckOut=2025-08-24&dAdultCnt=2&dChildAges=
138,경남,138,섬진강 호텔,Gaeul Hotel,호텔,2급,055-884-8071,금성면 산업로 823,7.4,,,,,https://hotels.naver.com/KR1000243/hotels/N2749862?adultCnt=2&pageIndex=10&propertyTypes=0&dCheckIn=2025-08-23&dCheckOut=2025-08-24&dAdultCnt=2&dChildAges=
139,경남,139,사과나무호텔,Changwon Masan Hotel Apple Tree,호텔,2급,055-223-9800,가포신항북로 16,8.5,,,,,https://hotels.naver.com/KR1000243/hotels/N3940948?adultCnt=2&pageIndex=10&propertyTypes=0&dCheckIn=2025-08-23&dCheckOut=2025-08-24&dAdultCnt=2&dChildAges=
140,경남,140,라온 호텔,Hotel Raon In Tongyeong,호텔,1급,,정동2길 12,8.5,,,,,https://hotels.naver.com/KR1000243/hotels/KYK1070701851?adultCnt=2&pageIndex=10&propertyTypes=0&dCheckIn=2025-08-23&dCheckOut=2025-08-24&dAdultCnt=2&dChildAges=
141,경남,141,아모르 호텔 김해,Amor Hotel Gimhae,호텔,3급,,분성로529번길 3,2,5,,,,https://hotels.naver.com/KR1000243/hotels/KYK1070528933?adultCnt=2&pageIndex=11&propertyTypes=0&dCheckIn=2025-08-23&dCheckOut=2025-08-24&dAdultCnt=2&dChildAges=
142,경남,142,호텔트루,Changwon Hotel True,호텔,2급,,경상남도 창원시 의창구 창이대로85번길 5,9.2,,,,,https://hotels.naver.com/KR1000243/hotels/KYK8795257?adultCnt=2&pageIndex=11&propertyTypes=0&dCheckIn=2025-08-23&dCheckOut=2025-08-24&dAdultCnt=2&dChildAges=
143,경남,143,남해 준스테이펜션,Namhae Junstay,호텔,2급,,경상남도 남해군 삼동면 봉화로118번길 27,6.8,,,,,https://hotels.naver.com/KR1000243/hotels/KYK7232918?adultCnt=2&pageIndex=11&propertyTypes=0&dCheckIn=2025-08-23&dCheckOut=2025-08-24&dAdultCnt=2&dChildAges=
144,경남,144,통영 하와이 호텔,Hawaii Hotel,호텔,3급,055-648-0092,통영해안로 235,7.7,,3.5,,http://www.xn--vj5boey0b69x0nah4p4tb.kr/,https://hotels.naver.com/KR1000243/hotels/N2225924?adultCnt=2&pageIndex=11&propertyTypes=0&dCheckIn=2025-08-23&dCheckOut=2025-08-24&dAdultCnt=2&dChildAges=
145,경남,145,거제 덴바스타 료칸호텔,Denbasta Ryokan Hotel,호텔,2급,0507-1407-5800,장승포해안로 16,8.7,,,,http://www.denbasta-ryokan.com/,https://hotels.naver.com/KR1000243/hotels/N5302484?adultCnt=2&pageIndex=11&propertyTypes=0&dCheckIn=2025-08-23&dCheckOut=2025-08-24&dAdultCnt=2&dChildAges=
146,경남,146,창원 프라임 호텔,Hotel Prime,호텔,3급,055-264-6800,"용지로 102, 4층",9.9,,4.4,,http://www.hotelprime.co.kr/,https://hotels.naver.com/KR1000243/hotels/N1821221?adultCnt=2&pageIndex=11&propertyTypes=0&dCheckIn=2025-08-23&dCheckOut=2025-08-24&dAdultCnt=2&dChildAges=
147,경남,147,진해 701호텔,Jinhae 701 Hotel,호텔,3급,055-542-7805,진해구 속천로 5,10,,,,,https://hotels.naver.com/KR1000243/hotels/KYK1070573750?adultCnt=2&pageIndex=11&propertyTypes=0&dCheckIn=2025-08-23&dCheckOut=2025-08-24&dAdultCnt=2&dChildAges=
148,경남,148,옥포 비지니스 호텔,Okpo Business Hotel,호텔,3급,055-688-0612,옥포성안로 43,7.8,7.9,,,,https://hotels.naver.com/KR1000243/hotels/N5278659?adultCnt=2&pageIndex=11&propertyTypes=0&dCheckIn=2025-08-23&dCheckOut=2025-08-24&dAdultCnt=2&dChildAges=
149,경남,149,통영 라베르,Labelle Hotel Tongyeong,호텔,1성급,055-646-8807,도남로 257-21,7.6,,,,http://xn--oi2bj1bu7d094a3sf.kr/,https://hotels.naver.com/KR1000243/hotels/N2225927?adultCnt=2&pageIndex=11&propertyTypes=0&dCheckIn=2025-08-23&dCheckOut=2025-08-24&dAdultCnt=2&dChildAges=
150,경남,150,남해 C1 리조트,C1 Resort,호텔,3급,055-867-8455,미조면 미송로 249-11,,,2.3,,,https://hotels.naver.com/KR1000243/hotels/N2733102?adultCnt=2&pageIndex=11&propertyTypes=0&dCheckIn=2025-08-23&dCheckOut=2025-08-24&dAdultCnt=2&dChildAges=
151,경남,151,창원 상남동 호텔 더웨이,Changwon Sangnam-dong Hotel The Way,호텔,3급,,경상남도 창원시 성산구 마디미동로 46,,,,,,https://hotels.naver.com/KR1000243/hotels/KYK1070526787?adultCnt=2&pageIndex=11&propertyTypes=0&dCheckIn=2025-08-23&dCheckOut=2025-08-24&dAdultCnt=2&dChildAges=
152,경남,152,진해 인터시티 호텔,Jinhae Intercity Hotel,호텔,2성급,,진해구 충장로 98,9.1,8.5,,,http://www.intercityhotel.co.kr/,https://hotels.naver.com/KR1000243/hotels/KYK8498703?adultCnt=2&pageIndex=11&propertyTypes=0&dCheckIn=2025-08-23&dCheckOut=2025-08-24&dAdultCnt=2&dChildAges=
153,경남,153,거제 관광호텔,Geoje Tourist Hotel,호텔,2급,055-632-7002,거제중앙로 1898-5,,,2.3,,,https://hotels.naver.com/KR1000243/hotels/N2915222?adultCnt=2&pageIndex=11&propertyTypes=0&dCheckIn=2025-08-23&dCheckOut=2025-08-24&dAdultCnt=2&dChildAges=
154,경남,154,유럽유럽호텔,Jinju Hotel Europe Europe,호텔,2급,0507-1368-4114,장대로5번길 3,9.3,,,,,https://hotels.naver.com/KR1000243/hotels/N5302460?adultCnt=2&pageIndex=11&propertyTypes=0&dCheckIn=2025-08-23&dCheckOut=2025-08-24&dAdultCnt=2&dChildAges=
155,경남,155,스테이 새록,Stay Saeroc,호텔,1급,,거제대로 930,8.8,,,,http://www.stay-saeroc.com/,https://hotels.naver.com/KR1000243/hotels/KYK9835963?adultCnt=2&pageIndex=12&propertyTypes=0&dCheckIn=2025-08-23&dCheckOut=2025-08-24&dAdultCnt=2&dChildAges=
156,경남,156,센트럴 호텔,Central Hotel,호텔,2급,055-279-0785,용지로 94 올림피아 상가 8층,7.9,7,4,,,https://hotels.naver.com/KR1000243/hotels/N3018205?adultCnt=2&pageIndex=12&propertyTypes=0&dCheckIn=2025-08-23&dCheckOut=2025-08-24&dAdultCnt=2&dChildAges=
157,경남,157,진주 아늑에어 호텔,Aank Air Hotel Jinjuseong,호텔,3급,055-755-0045,진주대로1134번길 6-1,8.3,,5,,,https://hotels.naver.com/KR1000243/hotels/N3939941?adultCnt=2&pageIndex=12&propertyTypes=0&dCheckIn=2025-08-23&dCheckOut=2025-08-24&dAdultCnt=2&dChildAges=
158,경남,158,외도 여행 펜션,Oedo Tour Pension,호텔,2급,010-4550-7841,일운면 와현로 60,7.9,7.1,,,http://www.oedotravel.com/,https://hotels.naver.com/KR1000243/hotels/N3872155?adultCnt=2&pageIndex=12&propertyTypes=0&dCheckIn=2025-08-23&dCheckOut=2025-08-24&dAdultCnt=2&dChildAges=
159,경남,159,린 뷰티크호텔,Ryn Boutique Hotel,호텔,2급,,사등면 장좌길 68,,,,,,https://hotels.naver.com/KR1000243/hotels/N4679325?adultCnt=2&pageIndex=12&propertyTypes=0&dCheckIn=2025-08-23&dCheckOut=2025-08-24&dAdultCnt=2&dChildAges=
160,경남,160,투헤븐 호텔,Jangyu To Heaven Hotel(Daecheongdong),호텔,2급,055-314-0507,번화2로 61-3,7.2,,,,,https://hotels.naver.com/KR1000243/hotels/N3926045?adultCnt=2&pageIndex=12&propertyTypes=0&dCheckIn=2025-08-23&dCheckOut=2025-08-24&dAdultCnt=2&dChildAges=
161,경남,161,사천(삼천포) 호텔 바다,Sacheon Hotel Bada,호텔,1급,,경상남도 사천시 실안선창1길 52,9,,,,https://www.yeogi.com/domestic-accommodations/62814,https://hotels.naver.com/KR1000243/hotels/KYK1070530380?adultCnt=2&pageIndex=12&propertyTypes=0&dCheckIn=2025-08-23&dCheckOut=2025-08-24&dAdultCnt=2&dChildAges=
162,경남,162,부곡 신라호텔,Bugok Silla Hotel,호텔,2급,,대한민국 경상남도 창녕,,,,,,https://hotels.naver.com/KR1000243/hotels/KYK10385631?adultCnt=2&pageIndex=12&propertyTypes=0&dCheckIn=2025-08-23&dCheckOut=2025-08-24&dAdultCnt=2&dChildAges=
163,경남,163,창원 팔용동 M,Changwon Palyongdong Hotel T.T,호텔,2급,,의창대로70번길 13,,,,,,https://hotels.naver.com/KR1000243/hotels/N5280614?adultCnt=2&pageIndex=12&propertyTypes=0&dCheckIn=2025-08-23&dCheckOut=2025-08-24&dAdultCnt=2&dChildAges=
164,경남,164,Browndot Hotel Changwon Jungang,,호텔,3급,,대한민국 경상남도 창원 성산구,8.8,,,,https://booking.naver.com/booking/3/bizes/1057982,https://hotels.naver.com/KR1000243/hotels/KYK1070751779?adultCnt=2&pageIndex=12&propertyTypes=0&dCheckIn=2025-08-23&dCheckOut=2025-08-24&dAdultCnt=2&dChildAges=
165,경남,165,사천 삼천포 잠보 호텔,Sacheon Samcheonpo Jambo Hotel,호텔,1급,,경상남도 사천시 서포면 사천대교로 364,8.3,,,,,https://hotels.naver.com/KR1000243/hotels/KYK1070530377?adultCnt=2&pageIndex=12&propertyTypes=0&dCheckIn=2025-08-23&dCheckOut=2025-08-24&dAdultCnt=2&dChildAges=
166,경남,166,밀양 마틴,Martin Hotel,호텔,2급,,시청서1길 5-18,8.5,,,,,https://hotels.naver.com/KR1000243/hotels/KYK7232773?adultCnt=2&pageIndex=12&propertyTypes=0&dCheckIn=2025-08-23&dCheckOut=2025-08-24&dAdultCnt=2&dChildAges=
167,경남,167,자라 모텔,Hotel Zara,호텔,2급,055-224-5097,해안대로 406-1,7.7,,4.6,,,https://hotels.naver.com/KR1000243/hotels/N3027643?adultCnt=2&pageIndex=12&propertyTypes=0&dCheckIn=2025-08-23&dCheckOut=2025-08-24&dAdultCnt=2&dChildAges=
168,경남,168,브론즈호텔,Bronze Hotel,호텔,2급,055-246-1600,경상남도 창원시 마산합포구 어시장1길 11 브론즈호텔,9.5,,,,,https://hotels.naver.com/KR1000243/hotels/KYK1070359401?adultCnt=2&pageIndex=12&propertyTypes=0&dCheckIn=2025-08-23&dCheckOut=2025-08-24&dAdultCnt=2&dChildAges=
169,경남,169,네이처 호텔,Nature Hotel,호텔,3급,,경상남도 창원시 진해구 용원동로221번길 60-7,8,,,,,https://hotels.naver.com/KR1000243/hotels/KYK8220993?adultCnt=2&pageIndex=13&propertyTypes=0&dCheckIn=2025-08-23&dCheckOut=2025-08-24&dAdultCnt=2&dChildAges=
170,경남,170,미금장모텔,Geojedo Gohyeon High End Hotel,호텔,1급,,고현로11길 15,8,8.2,,,,https://hotels.naver.com/KR1000243/hotels/N5285373?adultCnt=2&pageIndex=13&propertyTypes=0&dCheckIn=2025-08-23&dCheckOut=2025-08-24&dAdultCnt=2&dChildAges=
171,경남,171,김해 장유 리벤델 호텔,Gimhae Jangyu Ribendell Hotel Water Park Branch,호텔,4급,055-311-6234,번화1로67번길 24,,,,,,https://hotels.naver.com/KR1000243/hotels/KYK1072627747?adultCnt=2&pageIndex=13&propertyTypes=0&dCheckIn=2025-08-23&dCheckOut=2025-08-24&dAdultCnt=2&dChildAges=
172,경남,172,진주 호텔 부엉이,Jinju Hotel Owl,호텔,3급,,경상남도 진주시 평거로6번길 7,,,,,,https://hotels.naver.com/KR1000243/hotels/KYK1070605765?adultCnt=2&pageIndex=13&propertyTypes=0&dCheckIn=2025-08-23&dCheckOut=2025-08-24&dAdultCnt=2&dChildAges=
173,경남,173,호텔 385,Hotel 385,호텔,3급,055-552-0385,충장로82번길 15,,,,,http://hotel385.com/,https://hotels.naver.com/KR1000243/hotels/N2866901?adultCnt=2&pageIndex=13&propertyTypes=0&dCheckIn=2025-08-23&dCheckOut=2025-08-24&dAdultCnt=2&dChildAges=
174,경남,174,노마드 호텔,Nomad Hotel,호텔,2성급,,인제로91번길 5,10,,,,http://www.nomadhotel.co.kr/,https://hotels.naver.com/KR1000243/hotels/KYK8253340?adultCnt=2&pageIndex=13&propertyTypes=0&dCheckIn=2025-08-23&dCheckOut=2025-08-24&dAdultCnt=2&dChildAges=
175,경남,175,에이블호텔,Hotel Able,호텔,2급,,오동동5길 16,7.3,6.5,,,,https://hotels.naver.com/KR1000243/hotels/N5299412?adultCnt=2&pageIndex=13&propertyTypes=0&dCheckIn=2025-08-23&dCheckOut=2025-08-24&dAdultCnt=2&dChildAges=
176,경남,176,넘버25 호텔 어방점,Number 25 Hotel Gimhae Eobang,호텔,2급,,김해대로2529번길 72-22,8.5,,,,http://wnh.co.kr/,https://hotels.naver.com/KR1000243/hotels/N3775665?adultCnt=2&pageIndex=13&propertyTypes=0&dCheckIn=2025-08-23&dCheckOut=2025-08-24&dAdultCnt=2&dChildAges=
177,경남,177,김해 장유 AM 호텔,Gimhae Jangyu Am Hotel,호텔,1급,0507-1348-9241,경상남도 김해시 번화1로75번길 7,,,,,,https://hotels.naver.com/KR1000243/hotels/KYK1070298467?adultCnt=2&pageIndex=13&propertyTypes=0&dCheckIn=2025-08-23&dCheckOut=2025-08-24&dAdultCnt=2&dChildAges=
178,경남,178,어썸호텔,Asome Hotel,호텔,2급,055-326-5019,활천로255번길 41-11,5.8,,,,,https://hotels.naver.com/KR1000243/hotels/N4736035?adultCnt=2&pageIndex=13&propertyTypes=0&dCheckIn=2025-08-23&dCheckOut=2025-08-24&dAdultCnt=2&dChildAges=
179,경남,179,호텔 넘버25 김해시청점,Hotel No 25 Gimhae cityhall,호텔,2급,,김해대로 2357-24,10,,,,,https://hotels.naver.com/KR1000243/hotels/KYK1072432650?adultCnt=2&pageIndex=13&propertyTypes=0&dCheckIn=2025-08-23&dCheckOut=2025-08-24&dAdultCnt=2&dChildAges=
180,경남,180,삼천포 해상 관광호텔,Samcheonpo Seaworld Hotel,호텔,3급,055-832-3004,사천대로 80,,,3.8,,http://www.3004hotel.com/,https://hotels.naver.com/KR1000243/hotels/N2009301?adultCnt=2&pageIndex=13&propertyTypes=0&dCheckIn=2025-08-23&dCheckOut=2025-08-24&dAdultCnt=2&dChildAges=
181,경남,181,베니키아 센트럴 호텔,Benikea Central Hotel,호텔,2성급,055-643-7001,광도면 춘원2로 49-20,8.3,,4,,http://www.benikeacentral.co.kr/,https://hotels.naver.com/KR1000243/hotels/N3027345?adultCnt=2&pageIndex=13&propertyTypes=0&dCheckIn=2025-08-23&dCheckOut=2025-08-24&dAdultCnt=2&dChildAges=
182,경남,182,에포케 호텔,Epoche Hotel,호텔,3급,,정촌면 화개천로 132-19,7.7,6.9,,,http://epoche.co.kr/,https://hotels.naver.com/KR1000243/hotels/KYK1070605743?adultCnt=2&pageIndex=13&propertyTypes=0&dCheckIn=2025-08-23&dCheckOut=2025-08-24&dAdultCnt=2&dChildAges=
183,경남,183,뷰모텔,Changwon The View Hotel,호텔,2급,,마디미로44번길 9,8,,,,,https://hotels.naver.com/KR1000243/hotels/N4735825?adultCnt=2&pageIndex=14&propertyTypes=0&dCheckIn=2025-08-23&dCheckOut=2025-08-24&dAdultCnt=2&dChildAges=
184,경남,184,아몬드호텔,Changwon Jinhae Almond Hotel,호텔,1성급,,진희로23번길 4,8.7,,,,,https://hotels.naver.com/KR1000243/hotels/N5282070?adultCnt=2&pageIndex=14&propertyTypes=0&dCheckIn=2025-08-23&dCheckOut=2025-08-24&dAdultCnt=2&dChildAges=
185,경남,185,호텔 라움,Changwon Jinhae Hotel Raum,호텔,2성급,,경상남도 창원시 진해구 가주로 42,,,,,,https://hotels.naver.com/KR1000243/hotels/N3561321?adultCnt=2&pageIndex=14&propertyTypes=0&dCheckIn=2025-08-23&dCheckOut=2025-08-24&dAdultCnt=2&dChildAges=
186,경남,186,호텔 유수림,Hotel Yusurim,호텔,3급,055-272-0033,진북면 진북산업로 802,8,8,,,https://www.yusurim.com/,https://hotels.naver.com/KR1000243/hotels/N5287514?adultCnt=2&pageIndex=14&propertyTypes=0&dCheckIn=2025-08-23&dCheckOut=2025-08-24&dAdultCnt=2&dChildAges=
187,경남,187,February Hotel Gimhae Branch,,호텔,5급,,대한민국 경상남도 김해,,,,,,https://hotels.naver.com/KR1000243/hotels/KYK10357314?adultCnt=2&pageIndex=14&propertyTypes=0&dCheckIn=2025-08-23&dCheckOut=2025-08-24&dAdultCnt=2&dChildAges=
188,경남,188,부엉이호텔,Owl Hotel,호텔,3급,055-786-7877,목섬길 69,8.7,8.4,,4.5,,https://hotels.naver.com/KR1000243/hotels/N5277843?adultCnt=2&pageIndex=14&propertyTypes=0&dCheckIn=2025-08-23&dCheckOut=2025-08-24&dAdultCnt=2&dChildAges=
189,경남,189,통영 관광 호텔,Tongyeong Tourist Hotel,호텔,3급,055-641-1000,항북길 12-9,5.6,,,,,https://hotels.naver.com/KR1000243/hotels/N3018716?adultCnt=2&pageIndex=14&propertyTypes=0&dCheckIn=2025-08-23&dCheckOut=2025-08-24&dAdultCnt=2&dChildAges=
190,경남,190,창원 호텔 레오,Changwon Palyongdong Hotel Leo,호텔,2급,,경상남도 창원시 의창구 의창대로54번길 13,3,,,,,https://hotels.naver.com/KR1000243/hotels/KYK1070761457?adultCnt=2&pageIndex=14&propertyTypes=0&dCheckIn=2025-08-23&dCheckOut=2025-08-24&dAdultCnt=2&dChildAges=
191,경남,191,아모르호텔 김해,Amorhotelgimhae,호텔,2급,,분성로529번길 3,,,,,,https://hotels.naver.com/KR1000243/hotels/KYK1071496926?adultCnt=2&pageIndex=14&propertyTypes=0&dCheckIn=2025-08-23&dCheckOut=2025-08-24&dAdultCnt=2&dChildAges=
192,경남,192,창원 상남동 퀸즈(Queens) 호텔,Changwon Sangnamdong Queens Hotel,호텔,1급,,경상남도 창원시 성산구 마디미로37번길 5 (삼정프라자),9.5,,,,,https://hotels.naver.com/KR1000243/hotels/KYK1070528699?adultCnt=2&pageIndex=14&propertyTypes=0&dCheckIn=2025-08-23&dCheckOut=2025-08-24&dAdultCnt=2&dChildAges=
193,경남,193,동경호텔,Tongyeong Donggyeong Hotel,호텔,2성급,055-641-1020,광도면 죽림5로 43,4.5,,2.7,,http://www.donggyeonghotel.com/,https://hotels.naver.com/KR1000243/hotels/N3027393?adultCnt=2&pageIndex=14&propertyTypes=0&dCheckIn=2025-08-23&dCheckOut=2025-08-24&dAdultCnt=2&dChildAges=
194,경남,194,래디언스 관광호텔,Radiance Hotel,호텔,3급,055-688-3801,옥포대첩로 425,9.2,,3.7,,,https://hotels.naver.com/KR1000243/hotels/N2015651?adultCnt=2&pageIndex=14&propertyTypes=0&dCheckIn=2025-08-23&dCheckOut=2025-08-24&dAdultCnt=2&dChildAges=
195,경남,195,창원 진해 용원 네이쳐 호텔 부산신항점,Changwon Jinhae Yongwon Nature Hotel Busan New Port Branch,호텔,3성급,055-552-8090,용원동로221번길 60-7,7.8,,,,,https://hotels.naver.com/KR1000243/hotels/N3559126?adultCnt=2&pageIndex=14&propertyTypes=0&dCheckIn=2025-08-23&dCheckOut=2025-08-24&dAdultCnt=2&dChildAges=
196,경남,196,좋은날 모텔,Changwon Myeongseo-dong Hotel Bucks,호텔,2급,055-237-7457,창이대로99번길 3,8.1,,,,,https://hotels.naver.com/KR1000243/hotels/N3027655?adultCnt=2&pageIndex=14&propertyTypes=0&dCheckIn=2025-08-23&dCheckOut=2025-08-24&dAdultCnt=2&dChildAges=
197,경남,197,통영 윤스호텔,Tongyeong Yuns Hotel,호텔,1급,0507-1464-0619,경상남도 통영시 산양읍 산양중앙로 321,7.4,,,,,https://hotels.naver.com/KR1000243/hotels/KYK9356429?adultCnt=2&pageIndex=15&propertyTypes=0&dCheckIn=2025-08-23&dCheckOut=2025-08-24&dAdultCnt=2&dChildAges=
198,경남,198,마산 엠 호텔,Masan M Hotel,호텔,2급,055-223-0550,해안대로 367,8,,3.3,,,https://hotels.naver.com/KR1000243/hotels/N1660484?adultCnt=2&pageIndex=15&propertyTypes=0&dCheckIn=2025-08-23&dCheckOut=2025-08-24&dAdultCnt=2&dChildAges=
199,경남,199,올림픽 관광호텔,Changwon Olympic Hotel,호텔,3급,055-285-3331,중앙대로 81,7.6,7.2,1.5,,,https://hotels.naver.com/KR1000243/hotels/N1657860?adultCnt=2&pageIndex=15&propertyTypes=0&dCheckIn=2025-08-23&dCheckOut=2025-08-24&dAdultCnt=2&dChildAges=
200,경남,200,브라운도트호텔 마산양덕점,Masan Yangdeok Brown Dot,호텔,2급,055-295-6606,합포로 278,9.5,,4,4.0,,https://hotels.naver.com/KR1000243/hotels/N3772454?adultCnt=2&pageIndex=15&propertyTypes=0&dCheckIn=2025-08-23&dCheckOut=2025-08-24&dAdultCnt=2&dChildAges=
201,경남,201,김해 시티 호텔,Gimhae City Hotel,호텔,2급,0507-1302-8306,활천로 255번길 39,,5,,,,https://hotels.naver.com/KR1000243/hotels/KYK10357775?adultCnt=2&pageIndex=15&propertyTypes=0&dCheckIn=2025-08-23&dCheckOut=2025-08-24&dAdultCnt=2&dChildAges=
202,경남,202,호텔바바,Changwon Hotel Baba,호텔,2급,,마디미로37번길 3,6.5,,,,,https://hotels.naver.com/KR1000243/hotels/N5305134?adultCnt=2&pageIndex=15&propertyTypes=0&dCheckIn=2025-08-23&dCheckOut=2025-08-24&dAdultCnt=2&dChildAges=
203,경남,203,하운드 호텔 김해 삼계,Hound Hotel Gimhae Samgye,호텔,3급,,삼계로55번길20,9,,,,,https://hotels.naver.com/KR1000243/hotels/KYK8092022?adultCnt=2&pageIndex=15&propertyTypes=0&dCheckIn=2025-08-23&dCheckOut=2025-08-24&dAdultCnt=2&dChildAges=
204,경남,204,호텔 솔리움,Solium Business Hotel,호텔,3급,055-264-9171,중앙대로 75,,,3.3,,,https://hotels.naver.com/KR1000243/hotels/N1716025?adultCnt=2&pageIndex=15&propertyTypes=0&dCheckIn=2025-08-23&dCheckOut=2025-08-24&dAdultCnt=2&dChildAges=
205,경남,205,호텔 꿀잠 스테이,Hotel Kkuljam Stay,호텔,1급,0507-1349-7006,비봉로73번길 7,8.2,,,,,https://hotels.naver.com/KR1000243/hotels/KYK1072183153?adultCnt=2&pageIndex=15&propertyTypes=0&dCheckIn=2025-08-23&dCheckOut=2025-08-24&dAdultCnt=2&dChildAges=
206,경남,206,김해 장유 호텔 류,Gimhae Jangyu Hotel Ryu,호텔,2급,,번화1로 72,7.6,,,,,https://hotels.naver.com/KR1000243/hotels/KYK6278347?adultCnt=2&pageIndex=15&propertyTypes=0&dCheckIn=2025-08-23&dCheckOut=2025-08-24&dAdultCnt=2&dChildAges=
207,경남,207,명품 호텔,Luxury Motel,호텔,2급,,마디미로37번길 12,,,,,,https://hotels.naver.com/KR1000243/hotels/N4738326?adultCnt=2&pageIndex=15&propertyTypes=0&dCheckIn=2025-08-23&dCheckOut=2025-08-24&dAdultCnt=2&dChildAges=
208,경남,208,남일대 리조트,Namiltte Resort,호텔,1급,,대한민국 경상남도 사천,,,,,,https://hotels.naver.com/KR1000243/hotels/KYK1070784428?adultCnt=2&pageIndex=15&propertyTypes=0&dCheckIn=2025-08-23&dCheckOut=2025-08-24&dAdultCnt=2&dChildAges=
209,경남,209,V3모텔,V3 Motel,호텔,3급,,활천로255번길 41-3,,,,,,https://hotels.naver.com/KR1000243/hotels/N4521020?adultCnt=2&pageIndex=15&propertyTypes=0&dCheckIn=2025-08-23&dCheckOut=2025-08-24&dAdultCnt=2&dChildAges=
210,경남,210,거제비치하우스,Geoje beach house,호텔,3급,0507-1336-4178,장목면 옥포대첩로 1358,,,,,https://site.onda.me/138791,https://hotels.naver.com/KR1000243/hotels/KYK1070303756?adultCnt=2&pageIndex=15&propertyTypes=0&dCheckIn=2025-08-23&dCheckOut=2025-08-24&dAdultCnt=2&dChildAges=
211,경남,211,Geoje Jj Residence Hotel Okpo,,호텔,3급,,대한민국 경상남도 거제,,,,,,https://hotels.naver.com/KR1000243/hotels/KYK7589091?adultCnt=2&pageIndex=16&propertyTypes=0&dCheckIn=2025-08-23&dCheckOut=2025-08-24&dAdultCnt=2&dChildAges=
212,경남,212,Jj Residence Hotel Geoje,,호텔,3급,,대한민국 경상남도 거제,,,,,,https://hotels.naver.com/KR1000243/hotels/KYK5324666?adultCnt=2&pageIndex=16&propertyTypes=0&dCheckIn=2025-08-23&dCheckOut=2025-08-24&dAdultCnt=2&dChildAges=
213,경남,213,거제도 장승포 캄레스트 호텔,Geojedo Jangseungpo Kamrest Hotel,호텔,1급,,경상남도 거제시 장승포로1길 45,5,,,,https://www.goodchoice.kr/product/detail?ano=76193,https://hotels.naver.com/KR1000243/hotels/KYK10237471?adultCnt=2&pageIndex=16&propertyTypes=0&dCheckIn=2025-08-23&dCheckOut=2025-08-24&dAdultCnt=2&dChildAges=
214,경남,214,호텔 휴,Tongyeong Hotel Hue,호텔,1성급,,통영해안로 573,8,,,,,https://hotels.naver.com/KR1000243/hotels/N5304696?adultCnt=2&pageIndex=16&propertyTypes=0&dCheckIn=2025-08-23&dCheckOut=2025-08-24&dAdultCnt=2&dChildAges=
215,경남,215,김해 주촌 호텔 101,Gimhae Juchon Hotel 101,호텔,1급,055-333-5550,경상남도 김해시 주촌면 골든루트로 39-1,,,,,,https://hotels.naver.com/KR1000243/hotels/KYK1070528936?adultCnt=2&pageIndex=16&propertyTypes=0&dCheckIn=2025-08-23&dCheckOut=2025-08-24&dAdultCnt=2&dChildAges=
216,경남,216,덴바스타 호텔 경남대점,Masan Valentine Hotel,호텔,3급,,마산합포구 월영동4길 31,10,,,,,https://hotels.naver.com/KR1000243/hotels/KYK1070701965?adultCnt=2&pageIndex=16&propertyTypes=0&dCheckIn=2025-08-23&dCheckOut=2025-08-24&dAdultCnt=2&dChildAges=
217,경남,217,리안호텔,Rian Hotel,호텔,2성급,,명제로 478,7.2,,,,,https://hotels.naver.com/KR1000243/hotels/N5280536?adultCnt=2&pageIndex=16&propertyTypes=0&dCheckIn=2025-08-23&dCheckOut=2025-08-24&dAdultCnt=2&dChildAges=
218,경남,218,김해 부원동 비지니스 호텔 그란트베이,Gimhae Buwon-dong Business Hotel Grant Bay,호텔,2급,,경상남도 김해시 가락로30번길 7,,,,,http://grantbay.aym.co.kr/,https://hotels.naver.com/KR1000243/hotels/KYK1070733553?adultCnt=2&pageIndex=16&propertyTypes=0&dCheckIn=2025-08-23&dCheckOut=2025-08-24&dAdultCnt=2&dChildAges=
219,경남,219,캄레스트 호텔 마산,Calm Rest Hotel Masan,호텔,2급,,월영동9길 20,8.7,5,,,,https://hotels.naver.com/KR1000243/hotels/N4747358?adultCnt=2&pageIndex=16&propertyTypes=0&dCheckIn=2025-08-23&dCheckOut=2025-08-24&dAdultCnt=2&dChildAges=
220,경남,220,김해 브라운도트호텔 율하점,Gimhae Brown Dot Hotel Yulha Branch,호텔,2급,055-331-3335,대한민국 경상남도 김해,,,,,,https://hotels.naver.com/KR1000243/hotels/KYK10387038?adultCnt=2&pageIndex=16&propertyTypes=0&dCheckIn=2025-08-23&dCheckOut=2025-08-24&dAdultCnt=2&dChildAges=
221,경남,221,라온제나 펜션,Geoje Raon Jena Pension,호텔,3급,055-633-9922,거제면 거제남서로 3955-2,2.8,,,,,https://hotels.naver.com/KR1000243/hotels/N3643830?adultCnt=2&pageIndex=16&propertyTypes=0&dCheckIn=2025-08-23&dCheckOut=2025-08-24&dAdultCnt=2&dChildAges=
222,경남,222,서와,Hotel Seowa,호텔,2급,,삼계로55번길 6,7.3,,,,,https://hotels.naver.com/KR1000243/hotels/N4943771?adultCnt=2&pageIndex=16&propertyTypes=0&dCheckIn=2025-08-23&dCheckOut=2025-08-24&dAdultCnt=2&dChildAges=
223,경남,223,69모텔,Gimhae Eobang-dong M Hotel,호텔,1급,,분성로511번길 8,,,,,,https://hotels.naver.com/KR1000243/hotels/N5283489?adultCnt=2&pageIndex=16&propertyTypes=0&dCheckIn=2025-08-23&dCheckOut=2025-08-24&dAdultCnt=2&dChildAges=
224,경남,224,거제 바움 풀빌라,Baum A,호텔,4급,,경남 거제시 동부면 거제남서로 2131,,,,,,https://hotels.naver.com/KR1000243/hotels/KYK10340033?adultCnt=2&pageIndex=16&propertyTypes=0&dCheckIn=2025-08-23&dCheckOut=2025-08-24&dAdultCnt=2&dChildAges=
225,경남,225,고성 자자 호텔,Gosung Zaza Hotel,호텔,1급,,경남 고성군 영오면 오서1길 95,,,,,http://www.zazahotel.kr/,https://hotels.naver.com/KR1000243/hotels/KYK10387448?adultCnt=2&pageIndex=17&propertyTypes=0&dCheckIn=2025-08-23&dCheckOut=2025-08-24&dAdultCnt=2&dChildAges=
226,경남,226,비즈관광호텔,Biz Hotel,호텔,2성급,055-547-0016,진해대로 2116,,,,,,https://hotels.naver.com/KR1000243/hotels/N3565620?adultCnt=2&pageIndex=17&propertyTypes=0&dCheckIn=2025-08-23&dCheckOut=2025-08-24&dAdultCnt=2&dChildAges=
227,경남,227,거제 어깨동무펜션,Geoje Arms on Shoulder Pension,호텔,3급,,남부면 대포길 18,,,,,,https://hotels.naver.com/KR1000243/hotels/N4679507?adultCnt=2&pageIndex=17&propertyTypes=0&dCheckIn=2025-08-23&dCheckOut=2025-08-24&dAdultCnt=2&dChildAges=
228,경남,228,레이크힐스 리조트 부곡,Lake Hills Bugok Resort,호텔,4급,055-536-5181,부곡면 온천2길 41,,,3.1,,,https://hotels.naver.com/KR1000243/hotels/N1496606?adultCnt=2&pageIndex=17&propertyTypes=0&dCheckIn=2025-08-23&dCheckOut=2025-08-24&dAdultCnt=2&dChildAges=
229,경남,229,창원 북면 피노호텔,"Pino Hotel (Pino Hotel), Buk-Myeon, Changwon",호텔,1급,,"경상남도 창원시 의창구 북면 천주로1150번길 16-3 (북면, 신라온천)",,,,,,https://hotels.naver.com/KR1000243/hotels/KYK9639609?adultCnt=2&pageIndex=17&propertyTypes=0&dCheckIn=2025-08-23&dCheckOut=2025-08-24&dAdultCnt=2&dChildAges=
230,경남,230,사천 호텔 스페셜(special),Sacheon Hotel Special,호텔,1급,,경상남도 사천시 사천읍 진삼로 1477-21,,,,,,https://hotels.naver.com/KR1000243/hotels/KYK1070530381?adultCnt=2&pageIndex=17&propertyTypes=0&dCheckIn=2025-08-23&dCheckOut=2025-08-24&dAdultCnt=2&dChildAges=
231,경남,231,노블레스 모텔,Noblesse Motel,호텔,2급,055-687-7787,옥포로4길 19,,,,,,https://hotels.naver.com/KR1000243/hotels/N3926695?adultCnt=2&pageIndex=17&propertyTypes=0&dCheckIn=2025-08-23&dCheckOut=2025-08-24&dAdultCnt=2&dChildAges=
232,경남,232,진주 브룩스호텔,Jinju Brooks Hotel,호텔,3급,,경상남도 진주시 순환로 567(평거동),7.7,,,,,https://hotels.naver.com/KR1000243/hotels/KYK7232595?adultCnt=2&pageIndex=17&propertyTypes=0&dCheckIn=2025-08-23&dCheckOut=2025-08-24&dAdultCnt=2&dChildAges=
233,경남,233,잠모텔,Jam Motel,호텔,2급,055-835-0985,중앙로 170-4,,,,,,https://hotels.naver.com/KR1000243/hotels/N3804841?adultCnt=2&pageIndex=17&propertyTypes=0&dCheckIn=2025-08-23&dCheckOut=2025-08-24&dAdultCnt=2&dChildAges=
234,경남,234,김해 아몬드 키즈호텔,Almond Kids Hotel,호텔,2성급,055-723-3535,활천로237번길 8-13,9.9,,,,http://my.matterport.com/show/?m=pGpEwE6Nd8v&hl=1,https://hotels.naver.com/KR1000243/hotels/N3659161?adultCnt=2&pageIndex=17&propertyTypes=0&dCheckIn=2025-08-23&dCheckOut=2025-08-24&dAdultCnt=2&dChildAges=
235,경남,235,파인에비뉴 호텔,Fine Avenue Hotel,호텔,,055-238-5700,"의창구 원이대로261번길 16-9, 6-8층",,,,,,https://hotels.naver.com/KR1000243/hotels/KYK1072310466?adultCnt=2&pageIndex=17&propertyTypes=0&dCheckIn=2025-08-23&dCheckOut=2025-08-24&dAdultCnt=2&dChildAges=
236,경남,236,하운드 호텔 용원,Hound Hotel Changwon Jinhae,호텔,2급,055-551-3400,용원서로39번길 9,9.1,,,,http://wnhotels.com/hound/yongwon,https://hotels.naver.com/KR1000243/hotels/N3771989?adultCnt=2&pageIndex=17&propertyTypes=0&dCheckIn=2025-08-23&dCheckOut=2025-08-24&dAdultCnt=2&dChildAges=
237,경남,237,김해 브라운도트 호텔 워터파크,Gimhae Browndot Hotel Waterpark,호텔,,,번화1로67번길 8,7,,,,,https://hotels.naver.com/KR1000243/hotels/KYK1072629187?adultCnt=2&pageIndex=17&propertyTypes=0&dCheckIn=2025-08-23&dCheckOut=2025-08-24&dAdultCnt=2&dChildAges=
238,경남,238,몽돌비치 호텔,Mongdol Beach Hotel,호텔,2급,055-635-8883,동부면 학동6길 42,,,3.7,,,https://hotels.naver.com/KR1000243/hotels/N3122700?adultCnt=2&pageIndex=17&propertyTypes=0&dCheckIn=2025-08-23&dCheckOut=2025-08-24&dAdultCnt=2&dChildAges=
239,경남,239,김해 부원동 캄레스트,Gimhae Buwon-dong Calmrest,호텔,1급,0507-1376-0277,분성로336번길 17,3,,,,,https://hotels.naver.com/KR1000243/hotels/KYK1071274547?adultCnt=2&pageIndex=18&propertyTypes=0&dCheckIn=2025-08-23&dCheckOut=2025-08-24&dAdultCnt=2&dChildAges=
240,경남,240,산청 예다움 한옥스테이,Sancheong Yedaum Hanok Stay,호텔,2급,,경상남도 산청군 단성면 지리산대로 2901-6,9.6,,,,,https://hotels.naver.com/KR1000243/hotels/KYK1070530393?adultCnt=2&pageIndex=18&propertyTypes=0&dCheckIn=2025-08-23&dCheckOut=2025-08-24&dAdultCnt=2&dChildAges=
241,경남,241,거제 아그네스파크,Geoje Agnes Park,호텔,1급,,경상남도 거제시 둔덕면 거제남서로 5187,9.5,,,,https://agnespark.com/,https://hotels.naver.com/KR1000243/hotels/KYK1070680953?adultCnt=2&pageIndex=18&propertyTypes=0&dCheckIn=2025-08-23&dCheckOut=2025-08-24&dAdultCnt=2&dChildAges=
242,경남,242,현대모텔,Jinju Hyundai,호텔,2급,055-743-9791,논개길 81-1,,,,,,https://hotels.naver.com/KR1000243/hotels/KYK9356076?adultCnt=2&pageIndex=18&propertyTypes=0&dCheckIn=2025-08-23&dCheckOut=2025-08-24&dAdultCnt=2&dChildAges=
243,경남,243,Sacheon (Samcheonpo) No. 25 Samcheonpo Branch,,호텔,1급,,대한민국 경상남도 사천,,,,,,https://hotels.naver.com/KR1000243/hotels/KYK10358706?adultCnt=2&pageIndex=18&propertyTypes=0&dCheckIn=2025-08-23&dCheckOut=2025-08-24&dAdultCnt=2&dChildAges=
244,경남,244,남해 엘시아 애견 풀빌라펜션,Namhae Elsia Pet Pool Villa Pension,호텔,3급,,경남 남해군 남면 남면로56번길 6-7,,,,,https://elsiapet.kr/,https://hotels.naver.com/KR1000243/hotels/KYK9181216?adultCnt=2&pageIndex=18&propertyTypes=0&dCheckIn=2025-08-23&dCheckOut=2025-08-24&dAdultCnt=2&dChildAges=
245,경남,245,이타미니호텔,Itamini Hotel,호텔,1급,,경상남도 통영시 서문1길 3,,,,,http://www.itaproject.co.kr/,https://hotels.naver.com/KR1000243/hotels/KYK9355455?adultCnt=2&pageIndex=18&propertyTypes=0&dCheckIn=2025-08-23&dCheckOut=2025-08-24&dAdultCnt=2&dChildAges=
246,경남,246,호텔 레오 창원 중앙점,Hotel Leo Changwon Central Branch,호텔,2급,0507-1459-7125,성산구 외동반림로130번길 52,4,5.5,,,,https://hotels.naver.com/KR1000243/hotels/KYK1071894783?adultCnt=2&pageIndex=18&propertyTypes=0&dCheckIn=2025-08-23&dCheckOut=2025-08-24&dAdultCnt=2&dChildAges=
247,경남,247,창원 중앙동 호텔 센트럴,Central Hotel,호텔,2급,,경상남도 창원시 성산구 용지로 94(중앙동)센트럴호텔 8F,,,,,,https://hotels.naver.com/KR1000243/hotels/KYK1070749231?adultCnt=2&pageIndex=18&propertyTypes=0&dCheckIn=2025-08-23&dCheckOut=2025-08-24&dAdultCnt=2&dChildAges=
248,경남,248,Hotel Number25 Gimhae City Hall,,호텔,2급,,대한민국 경상남도 김해,,,,,http://no25-gimhae.com/,https://hotels.naver.com/KR1000243/hotels/KYK10393911?adultCnt=2&pageIndex=18&propertyTypes=0&dCheckIn=2025-08-23&dCheckOut=2025-08-24&dAdultCnt=2&dChildAges=
249,경남,249,Tongyeong Rober,,호텔,1급,055-646-8807,대한민국 경상남도 통영,,,,,,https://hotels.naver.com/KR1000243/hotels/KYK9489884?adultCnt=2&pageIndex=18&propertyTypes=0&dCheckIn=2025-08-23&dCheckOut=2025-08-24&dAdultCnt=2&dChildAges=
250,경남,250,사천 호텔 104,Sacheon Hotel 104,호텔,1급,,경상남도 사천시 사천읍 역사동길 104,,,,,,https://hotels.naver.com/KR1000243/hotels/KYK1070784417?adultCnt=2&pageIndex=18&propertyTypes=0&dCheckIn=2025-08-23&dCheckOut=2025-08-24&dAdultCnt=2&dChildAges=
251,경남,251,밀양 스테이 자이언,Stay the zion,호텔,1급,,산내면 산내용전2길 19,,,,,http://stay_zion.staynt.co.kr/,https://hotels.naver.com/KR1000243/hotels/KYK7616824?adultCnt=2&pageIndex=18&propertyTypes=0&dCheckIn=2025-08-23&dCheckOut=2025-08-24&dAdultCnt=2&dChildAges=
